user_id,Dinero gastado,Cantidad de items,% de recomendación
wermztv,"94,89",400,"33,33 %"
kayrom,"264,91",225,"40,00 %"
76561198193227423,"199,94",400,"44,44 %"
1546328127418,"329,88",729,"50,00 %"
76561198009992783,"1001,24",16900,"50,00 %"
76561198029825981,"201,92",169,"50,00 %"
76561198078987650,"99,96",289,"50,00 %"
76561198080784853,"96,85",1225,"50,00 %"
76561198083902227,"9,99",64,"50,00 %"
76561198085355556,"94,94",169,"50,00 %"
76561198085734937,"344,70",1764,"50,00 %"
76561198086622542,"125,87",3600,"50,00 %"
76561198093283574,"78,96",64,"50,00 %"
76561198096032572,"29,98",64,"50,00 %"
76561198100529585,"99,94",169,"50,00 %"
76561198108069084,"64,96",225,"50,00 %"
76561198116589021,"54,96",324,"50,00 %"
76561198244813534,"142,92",169,"50,00 %"
hazixstar,"320,86",1369,"50,00 %"
pnktoud,"229,86",1444,"50,00 %"
porqueyu,"0,00",841,"50,00 %"
sirpeterson,"44,96",676,"50,00 %"
steamaccountforsale1,"0,00",25,"50,00 %"
to-your-left,"58,46",625,"50,00 %"
PuzziDestroyer,"36,95",625,"60,00 %"
76561197970972400,"548,59",3600,"66,67 %"
76561198002527794,"757,70",1849,"66,67 %"
76561198045627858,"19,99",225,"66,67 %"
76561198059841909,"19,99",4,"66,67 %"
76561198087135044,"84,96",121,"66,67 %"
76561198120646995,"306,84",3969,"66,67 %"
dpskipper,"284,88",256,"66,67 %"
IIPaperPlateII,"3,99",36,"66,67 %"
Jack_of_all_Trades,"469,85",961,"66,67 %"
mestoneheart,"566,65",4225,"66,67 %"
Rahulcoeg,"504,68",1936,"66,67 %"
zcan,"151,88",400,"66,67 %"
zile98,"234,90",324,"66,67 %"
76561198101480347,"254,30",1156,"71,43 %"
76561198101634865,"19,99",9,"75,00 %"
ButNae,"14,99",256,"75,00 %"
jiohigHfuyuCYgaupchg,"9,99",25,"75,00 %"
yoshi_bilby,"109,95",100,"75,00 %"
76561198236893796,"66,95",289,"80,00 %"
76561198081816341,"243,85",1764,"85,71 %"
76561198146431031,"74,96",196,"85,71 %"
IYITHEBOY,"711,64",5929,"88,89 %"
_Spanky_,"184,93",484,"100,00 %"
00810cccyyykkk,"19,98",49,"100,00 %"
0854029092,"19,99",25,"100,00 %"
09876543231,"185,86",625,"100,00 %"
1016523030,"0,00",36,"100,00 %"
10oyard,"209,88",400,"100,00 %"
112asdasfasdasd,"0,00",529,"100,00 %"
12das,"44,96",400,"100,00 %"
12DeAgostoAs12HRSe26MIN,"280,78",1225,"100,00 %"
163050995,"0,00",169,"100,00 %"
17291799,"154,92",361,"100,00 %"
2608739,"24,98",25,"100,00 %"
2EzRogueDH,"99,96",144,"100,00 %"
2lstgun,"237,84",961,"100,00 %"
320RustPro,"29,97",121,"100,00 %"
33442,"14,99",49,"100,00 %"
3Ldota,"29,98",36,"100,00 %"
4301945,"63,93",169,"100,00 %"
4545648,"19,98",64,"100,00 %"
61241571,"149,92",441,"100,00 %"
678rtv45,"177,88",1225,"100,00 %"
72947282842,"34,98",4,"100,00 %"
735102120,"14,99",81,"100,00 %"
740449400,"319,83",784,"100,00 %"
76561197960608571,"135,84",441,"100,00 %"
76561197960743001,"74,90",289,"100,00 %"
76561197963392788,"471,73",1600,"100,00 %"
76561197966590415,"1908,62",28224,"100,00 %"
76561197967118917,"94,93",225,"100,00 %"
76561197967253452,"465,71",1521,"100,00 %"
76561197969663913,"110,90",729,"100,00 %"
76561197970895200,"670,62",3364,"100,00 %"
76561197974754753,"315,81",729,"100,00 %"
76561197979007418,"174,89",361,"100,00 %"
76561197995098683,"1474,19",10404,"100,00 %"
76561197998812220,"316,77",1600,"100,00 %"
76561197999753609,"735,69",2916,"100,00 %"
76561198001898634,"713,50",8836,"100,00 %"
76561198004173845,"54,97",49,"100,00 %"
76561198006310647,"485,72",1600,"100,00 %"
76561198006532480,"854,44",5041,"100,00 %"
76561198008727561,"49,96",64,"100,00 %"
76561198009855249,"4,99",4,"100,00 %"
76561198015158481,"64,97",16,"100,00 %"
76561198016514671,"1345,31",9604,"100,00 %"
76561198021928011,"134,94",121,"100,00 %"
76561198022423117,"39,98",16,"100,00 %"
76561198022559040,"109,95",81,"100,00 %"
76561198024559632,"39,97",81,"100,00 %"
76561198027401742,"334,87",529,"100,00 %"
76561198027863392,"39,98",196,"100,00 %"
76561198028107980,"545,64",2116,"100,00 %"
76561198030801962,"99,93",100,"100,00 %"
76561198030972339,"299,80",841,"100,00 %"
76561198031162093,"960,48",6084,"100,00 %"
76561198032569786,"279,86",289,"100,00 %"
76561198033301141,"159,94",361,"100,00 %"
76561198034438267,"279,84",1156,"100,00 %"
76561198034829571,"44,97",16,"100,00 %"
76561198034977201,"405,80",1089,"100,00 %"
76561198035781832,"366,81",1600,"100,00 %"
76561198036786556,"64,96",64,"100,00 %"
76561198037293725,"154,92",169,"100,00 %"
76561198037711823,"480,64",1936,"100,00 %"
76561198038055981,"624,71",2025,"100,00 %"
76561198038075062,"284,85",484,"100,00 %"
76561198038258914,"842,51",7225,"100,00 %"
76561198038263531,"76,97",4096,"100,00 %"
76561198038904573,"440,72",1089,"100,00 %"
76561198039780217,"143,90",256,"100,00 %"
76561198039957481,"1298,95",16641,"100,00 %"
76561198040197777,"244,88",361,"100,00 %"
76561198040335971,"59,96",100,"100,00 %"
76561198041350926,"342,76",900,"100,00 %"
76561198041774278,"9,99",36,"100,00 %"
76561198041966846,"196,89",784,"100,00 %"
76561198042359407,"159,90",400,"100,00 %"
76561198042790533,"127,91",400,"100,00 %"
76561198042926871,"319,79",676,"100,00 %"
76561198042997704,"142,88",1296,"100,00 %"
76561198043052779,"236,81",961,"100,00 %"
76561198043795163,"9,99",64,"100,00 %"
76561198044577103,"254,88",361,"100,00 %"
76561198044888778,"37,96",169,"100,00 %"
76561198045230293,"211,85",576,"100,00 %"
76561198045421572,"29,98",676,"100,00 %"
76561198045635178,"34,98",289,"100,00 %"
76561198045638432,"753,55",3721,"100,00 %"
76561198046049932,"87,94",196,"100,00 %"
76561198046190974,"0,00",100,"100,00 %"
76561198046718131,"19,98",25,"100,00 %"
76561198046825758,"44,97",2601,"100,00 %"
76561198046862962,"312,88",7225,"100,00 %"
76561198047525161,"309,79",1296,"100,00 %"
76561198047772662,"24,98",9,"100,00 %"
76561198047907062,"349,83",729,"100,00 %"
76561198048058129,"19,99",121,"100,00 %"
76561198048492223,"0,00",4,"100,00 %"
76561198048504173,"149,91",361,"100,00 %"
76561198048911821,"444,84",576,"100,00 %"
76561198048923072,"463,75",1936,"100,00 %"
76561198049136422,"0,00",16,"100,00 %"
76561198049234870,"299,84",3844,"100,00 %"
76561198049338710,"85,92",121,"100,00 %"
76561198049415770,"225,83",576,"100,00 %"
76561198050156029,"169,95",64,"100,00 %"
76561198050266990,"174,89",484,"100,00 %"
76561198050375231,"64,93",961,"100,00 %"
76561198050768633,"34,96",64,"100,00 %"
76561198051362094,"325,75",784,"100,00 %"
76561198051382516,"144,91",484,"100,00 %"
76561198051672637,"104,95",324,"100,00 %"
76561198051769570,"445,79",900,"100,00 %"
76561198051809340,"39,98",25,"100,00 %"
76561198051911068,"29,98",64,"100,00 %"
76561198052666922,"255,83",784,"100,00 %"
76561198053351607,"669,66",2401,"100,00 %"
76561198053521602,"81,95",324,"100,00 %"
76561198053667228,"0,00",400,"100,00 %"
76561198053858353,"14,99",25,"100,00 %"
76561198054088781,"317,79",529,"100,00 %"
76561198054200662,"394,80",1156,"100,00 %"
76561198054263515,"257,79",784,"100,00 %"
76561198054445752,"49,98",25,"100,00 %"
76561198054786904,"9,99",400,"100,00 %"
76561198054828064,"44,97",49,"100,00 %"
76561198054997013,"257,82",225,"100,00 %"
76561198055678580,"1086,34",9025,"100,00 %"
76561198055876294,"399,77",1369,"100,00 %"
76561198055907480,"178,93",289,"100,00 %"
76561198056554213,"473,64",2704,"100,00 %"
76561198056658594,"14,99",1,"100,00 %"
76561198056787444,"634,80",1296,"100,00 %"
76561198056915834,"39,98",4,"100,00 %"
76561198056976935,"139,96",121,"100,00 %"
76561198057060736,"82,94",361,"100,00 %"
76561198057612284,"0,00",144,"100,00 %"
76561198058065379,"29,99",25,"100,00 %"
76561198058123182,"716,52",4900,"100,00 %"
76561198058424536,"0,00",36,"100,00 %"
76561198058657792,"330,80",1849,"100,00 %"
76561198058661221,"15,98",9,"100,00 %"
76561198058703587,"23,98",16,"100,00 %"
76561198058868190,"104,92",324,"100,00 %"
76561198058872726,"114,93",144,"100,00 %"
76561198058892591,"0,99",49,"100,00 %"
76561198059013979,"315,77",3364,"100,00 %"
76561198059542861,"14,99",121,"100,00 %"
76561198059572487,"14,99",100,"100,00 %"
76561198059867666,"41,97",100,"100,00 %"
76561198060040264,"177,93",121,"100,00 %"
76561198060239835,"104,94",484,"100,00 %"
76561198060357315,"49,97",225,"100,00 %"
76561198060647143,"437,66",4356,"100,00 %"
76561198061097866,"350,14",3969,"100,00 %"
76561198061408032,"194,89",441,"100,00 %"
76561198061502870,"656,64",2916,"100,00 %"
76561198061516951,"100,86",289,"100,00 %"
76561198061794492,"224,86",484,"100,00 %"
76561198061800268,"41,97",676,"100,00 %"
76561198061805148,"611,66",2704,"100,00 %"
76561198061818198,"199,86",441,"100,00 %"
76561198061846218,"54,97",196,"100,00 %"
76561198061910506,,4,"100,00 %"
76561198062005261,"119,97",361,"100,00 %"
76561198062034676,"14,99",81,"100,00 %"
76561198062152744,,4,"100,00 %"
76561198062331003,"160,85",648,"100,00 %"
76561198062422965,"34,98",400,"100,00 %"
76561198062597659,"19,99",169,"100,00 %"
76561198062598752,"99,93",121,"100,00 %"
76561198062647126,,1,"100,00 %"
76561198062725467,"0,00",841,"100,00 %"
76561198062891102,"14,99",32,"100,00 %"
76561198062936111,"4,99",64,"100,00 %"
76561198063036360,"379,88",1444,"100,00 %"
76561198063251011,"319,87",841,"100,00 %"
76561198063592925,"14,99",36,"100,00 %"
76561198063622701,"232,88",400,"100,00 %"
76561198064056486,"179,91",441,"100,00 %"
76561198064152834,"309,87",196,"100,00 %"
76561198064199011,"295,75",2209,"100,00 %"
76561198064243876,"131,83",1936,"100,00 %"
76561198064281993,"76,93",361,"100,00 %"
76561198064445006,"224,87",361,"100,00 %"
76561198064663093,"109,93",441,"100,00 %"
76561198064739584,"0,00",9,"100,00 %"
76561198064838729,"29,97",49,"100,00 %"
76561198064849762,"154,90",961,"100,00 %"
76561198065001162,"39,99",225,"100,00 %"
76561198065054063,"64,96",256,"100,00 %"
76561198065300159,"114,93",256,"100,00 %"
76561198065351104,"254,85",1681,"100,00 %"
76561198065446443,"19,99",16,"100,00 %"
76561198065493192,"74,95",400,"100,00 %"
76561198065598964,"64,96",36,"100,00 %"
76561198065612687,"104,95",169,"100,00 %"
76561198065714626,"419,90",576,"100,00 %"
76561198065890757,"232,82",256,"100,00 %"
76561198066001199,"59,95",289,"100,00 %"
76561198066084176,"47,96",100,"100,00 %"
76561198066170298,"34,97",64,"100,00 %"
76561198066250799,"0,00",64,"100,00 %"
76561198066885306,"129,92",484,"100,00 %"
76561198066950280,"4,99",16,"100,00 %"
76561198067034890,"19,98",49,"100,00 %"
76561198067255082,"109,95",3364,"100,00 %"
76561198067320451,"145,88",529,"100,00 %"
76561198067505065,"482,71",1936,"100,00 %"
76561198067514928,"0,00",36,"100,00 %"
76561198067713802,"429,76",2116,"100,00 %"
76561198067714968,"74,97",49,"100,00 %"
76561198067824493,"70,93",121,"100,00 %"
76561198068298463,"115,94",324,"100,00 %"
76561198068329154,"0,00",121,"100,00 %"
76561198068434328,"160,91",1936,"100,00 %"
76561198068506683,"0,00",16,"100,00 %"
76561198068572619,"270,85",484,"100,00 %"
76561198068647197,"49,97",144,"100,00 %"
76561198068765906,"88,93",676,"100,00 %"
76561198068939671,"41,96",81,"100,00 %"
76561198068981362,"204,83",1089,"100,00 %"
76561198068984689,"501,65",3481,"100,00 %"
76561198069089973,"9,99",64,"100,00 %"
76561198069172038,"74,94",121,"100,00 %"
76561198069178587,"29,97",16,"100,00 %"
76561198069231817,"151,90",196,"100,00 %"
76561198069330970,"0,00",9,"100,00 %"
76561198069475151,"79,95",169,"100,00 %"
76561198069615116,"426,81",841,"100,00 %"
76561198069688746,"124,93",961,"100,00 %"
76561198070074638,"203,82",529,"100,00 %"
76561198070372487,"194,93",225,"100,00 %"
76561198070400539,"89,95",144,"100,00 %"
76561198070492901,"4,99",2450,"100,00 %"
76561198070620821,"19,99",9,"100,00 %"
76561198070633333,"19,98",4,"100,00 %"
76561198070637637,"14,99",1,"100,00 %"
76561198070651185,"9,99",16,"100,00 %"
76561198070702618,"75,96",81,"100,00 %"
76561198070987540,"169,87",361,"100,00 %"
76561198071028681,"723,54",2500,"100,00 %"
76561198071089080,"0,00",16,"100,00 %"
76561198071117429,"30,97",100,"100,00 %"
76561198071270860,"19,98",64,"100,00 %"
76561198071318209,"119,94",196,"100,00 %"
76561198071337828,"233,84",484,"100,00 %"
76561198071374270,"14,99",9,"100,00 %"
76561198071480873,"174,81",676,"100,00 %"
76561198071680931,"19,99",49,"100,00 %"
76561198071949176,"19,98",9,"100,00 %"
76561198071991173,"0,00",49,"100,00 %"
76561198072030570,"19,99",49,"100,00 %"
76561198072151803,"94,93",64,"100,00 %"
76561198072207814,"52,96",256,"100,00 %"
76561198072365752,"0,00",1,"100,00 %"
76561198072499799,"0,00",81,"100,00 %"
76561198072508964,"14,99",16,"100,00 %"
76561198072567851,"0,00",4,"100,00 %"
76561198072695987,"29,98",49,"100,00 %"
76561198072747255,"14,99",9,"100,00 %"
76561198072782272,"54,97",49,"100,00 %"
76561198072838748,"0,00",729,"100,00 %"
76561198072852429,"29,98",144,"100,00 %"
76561198072916829,"34,99",36,"100,00 %"
76561198072940682,"19,99",81,"100,00 %"
76561198072942552,"75,92",144,"100,00 %"
76561198073269017,"85,95",121,"100,00 %"
76561198073282104,"149,92",289,"100,00 %"
76561198073407610,"34,98",100,"100,00 %"
76561198073587958,"223,85",1521,"100,00 %"
76561198073589943,"526,62",5329,"100,00 %"
76561198073733242,"337,83",1089,"100,00 %"
76561198073818391,"12,97",361,"100,00 %"
76561198074006716,"119,96",100,"100,00 %"
76561198074122571,,1,"100,00 %"
76561198074200011,"21,98",16,"100,00 %"
76561198074281317,"59,96",196,"100,00 %"
76561198074356093,"34,98",196,"100,00 %"
76561198074401253,"9,98",16,"100,00 %"
76561198074414765,"94,95",324,"100,00 %"
76561198074499762,"69,96",361,"100,00 %"
76561198074519984,"29,98",9,"100,00 %"
76561198074873424,"34,98",36,"100,00 %"
76561198075226289,"39,99",16,"100,00 %"
76561198075559668,"0,00",49,"100,00 %"
76561198075674170,"0,00",64,"100,00 %"
76561198075741467,"74,96",36,"100,00 %"
76561198075836652,"24,98",9,"100,00 %"
76561198075920681,"224,91",2704,"100,00 %"
76561198076076634,"0,00",1,"100,00 %"
76561198076217855,"114,93",169,"100,00 %"
76561198076271965,"89,94",841,"100,00 %"
76561198076284786,"54,97",49,"100,00 %"
76561198076299728,"14,99",9,"100,00 %"
76561198076357381,"547,69",2916,"100,00 %"
76561198076492918,"109,95",64,"100,00 %"
76561198076539681,"0,00",81,"100,00 %"
76561198076636927,"81,93",100,"100,00 %"
76561198076762909,"34,98",25,"100,00 %"
76561198076843838,"49,97",49,"100,00 %"
76561198076844104,"0,00",4,"100,00 %"
76561198076866164,"74,98",324,"100,00 %"
76561198076909484,"55,96",121,"100,00 %"
76561198077195459,"65,94",441,"100,00 %"
76561198077380459,"14,99",9,"100,00 %"
76561198077576855,"309,74",1849,"100,00 %"
76561198077832734,"129,92",144,"100,00 %"
76561198077971454,"448,71",3364,"100,00 %"
76561198077992470,"50,94",625,"100,00 %"
76561198078059717,"32,97",256,"100,00 %"
76561198078078491,"144,90",576,"100,00 %"
76561198078480900,"54,96",169,"100,00 %"
76561198078573640,"34,98",49,"100,00 %"
76561198078614334,"84,96",144,"100,00 %"
76561198078646194,"74,94",324,"100,00 %"
76561198078649960,"144,94",900,"100,00 %"
76561198078746179,"14,99",4,"100,00 %"
76561198078752334,"14,99",64,"100,00 %"
76561198078807139,"0,00",196,"100,00 %"
76561198078812809,"27,98",81,"100,00 %"
76561198078904010,"0,00",64,"100,00 %"
76561198078911240,,1,"100,00 %"
76561198078917864,"19,99",225,"100,00 %"
76561198079003665,"19,99",100,"100,00 %"
76561198079159782,"79,97",81,"100,00 %"
76561198079197993,"24,98",49,"100,00 %"
76561198079254609,"492,64",3364,"100,00 %"
76561198079324079,"154,93",121,"100,00 %"
76561198079337749,"214,89",225,"100,00 %"
76561198079339771,"201,87",961,"100,00 %"
76561198079480947,"192,86",324,"100,00 %"
76561198079783937,"19,99",4,"100,00 %"
76561198079797122,"29,98",16,"100,00 %"
76561198079828878,"16,98",49,"100,00 %"
76561198079834390,"95,95",6084,"100,00 %"
76561198079999702,"9,99",49,"100,00 %"
76561198080075902,"34,98",100,"100,00 %"
76561198080292523,"0,00",144,"100,00 %"
76561198080317444,"0,00",81,"100,00 %"
76561198080348540,"79,96",64,"100,00 %"
76561198080478744,"14,99",196,"100,00 %"
76561198080481352,"134,95",225,"100,00 %"
76561198080966233,"638,54",2025,"100,00 %"
76561198081060594,"26,98",36,"100,00 %"
76561198081089957,"44,97",196,"100,00 %"
76561198081125684,"145,90",1764,"100,00 %"
76561198081172237,"0,00",289,"100,00 %"
76561198081189561,"14,99",25,"100,00 %"
76561198081225443,"454,64",1521,"100,00 %"
76561198081353023,"216,85",576,"100,00 %"
76561198081388398,"39,98",36,"100,00 %"
76561198081480318,"0,99",49,"100,00 %"
76561198081649428,"69,96",529,"100,00 %"
76561198081870185,"49,97",16,"100,00 %"
76561198081875589,"119,94",1296,"100,00 %"
76561198082003335,"310,79",2209,"100,00 %"
76561198082129629,"19,99",4,"100,00 %"
76561198082467074,"217,93",289,"100,00 %"
76561198082474729,"79,97",36,"100,00 %"
76561198082647315,"60,95",81,"100,00 %"
76561198082666592,"94,94",625,"100,00 %"
76561198082737449,"54,96",121,"100,00 %"
76561198082751450,"54,97",400,"100,00 %"
76561198082967159,"242,90",784,"100,00 %"
76561198083101258,"0,00",16,"100,00 %"
76561198083278670,"34,98",121,"100,00 %"
76561198083365064,"4,99",1,"100,00 %"
76561198083486648,"59,96",3721,"100,00 %"
76561198083585894,,1,"100,00 %"
76561198083635483,"139,93",81,"100,00 %"
76561198083658380,"34,98",25,"100,00 %"
76561198083717613,"224,89",144,"100,00 %"
76561198083754978,"185,92",121,"100,00 %"
76561198084127598,"34,97",400,"100,00 %"
76561198084140838,"19,98",1936,"100,00 %"
76561198084303907,"49,97",169,"100,00 %"
76561198084406709,"198,87",225,"100,00 %"
76561198084493262,"34,98",49,"100,00 %"
76561198084947043,"49,97",64,"100,00 %"
76561198084948394,"19,99",196,"100,00 %"
76561198085107888,"194,90",400,"100,00 %"
76561198085183243,"89,94",400,"100,00 %"
76561198085411705,,1,"100,00 %"
76561198085521450,"14,99",9,"100,00 %"
76561198085793604,"249,92",576,"100,00 %"
76561198085796003,"204,89",361,"100,00 %"
76561198085854920,"15,97",16,"100,00 %"
76561198085878594,"188,85",900,"100,00 %"
76561198085881404,"432,78",1600,"100,00 %"
76561198086311312,"34,98",121,"100,00 %"
76561198086424558,"134,97",36,"100,00 %"
76561198086629867,"507,58",4624,"100,00 %"
76561198086661632,"159,92",441,"100,00 %"
76561198086842861,"0,00",1,"100,00 %"
76561198086966342,"0,00",100,"100,00 %"
76561198086988105,"19,99",196,"100,00 %"
76561198087157968,"162,91",625,"100,00 %"
76561198087161894,"0,00",16,"100,00 %"
76561198087237984,"109,95",484,"100,00 %"
76561198087279731,"59,99",36,"100,00 %"
76561198087345682,"169,95",144,"100,00 %"
76561198087380689,"19,99",9,"100,00 %"
76561198087391492,"0,00",36,"100,00 %"
76561198087445940,"0,00",121,"100,00 %"
76561198087469366,"29,98",64,"100,00 %"
76561198087534380,"160,91",841,"100,00 %"
76561198087594857,"74,96",256,"100,00 %"
76561198087717668,"163,90",256,"100,00 %"
76561198087836043,"0,00",81,"100,00 %"
76561198087994542,"0,00",100,"100,00 %"
76561198088003895,"14,99",196,"100,00 %"
76561198088045830,"320,82",1369,"100,00 %"
76561198088052883,"114,94",225,"100,00 %"
76561198088367955,"19,99",16,"100,00 %"
76561198088700626,"54,96",225,"100,00 %"
76561198088743596,"2,99",256,"100,00 %"
76561198088751275,"19,99",9,"100,00 %"
76561198088854011,"0,00",4,"100,00 %"
76561198088857515,"754,72",1521,"100,00 %"
76561198089007932,"64,97",64,"100,00 %"
76561198089025822,"0,00",324,"100,00 %"
76561198089026473,"29,97",961,"100,00 %"
76561198089195777,"157,89",225,"100,00 %"
76561198089271904,"19,99",196,"100,00 %"
76561198089576595,"76,95",256,"100,00 %"
76561198089823257,"77,94",81,"100,00 %"
76561198089826024,"19,99",25,"100,00 %"
76561198089861671,"49,97",361,"100,00 %"
76561198089915927,"29,98",144,"100,00 %"
76561198090216265,"324,77",3600,"100,00 %"
76561198090222300,"19,99",36,"100,00 %"
76561198090315264,"14,99",225,"100,00 %"
76561198090548543,"310,87",1089,"100,00 %"
76561198090573475,"9,99",625,"100,00 %"
76561198090578159,"0,00",36,"100,00 %"
76561198090629940,"34,98",81,"100,00 %"
76561198091097773,"194,88",676,"100,00 %"
76561198091325036,"29,98",121,"100,00 %"
76561198091378623,"39,96",169,"100,00 %"
76561198091488628,,1,"100,00 %"
76561198091555688,"0,00",484,"100,00 %"
76561198091636035,"108,93",225,"100,00 %"
76561198091779143,"184,93",144,"100,00 %"
76561198091787257,"19,99",324,"100,00 %"
76561198091872904,"79,98",441,"100,00 %"
76561198091947429,,1,"100,00 %"
76561198092020961,"57,97",225,"100,00 %"
76561198092022514,"92,93",1800,"100,00 %"
76561198092121309,"95,95",100,"100,00 %"
76561198092242919,"47,96",121,"100,00 %"
76561198092440135,"431,65",2025,"100,00 %"
76561198092591927,"227,92",484,"100,00 %"
76561198092695661,"44,97",169,"100,00 %"
76561198092814591,"0,00",36,"100,00 %"
76561198092973654,,1,"100,00 %"
76561198093043200,"29,99",1,"100,00 %"
76561198093153432,"205,85",441,"100,00 %"
76561198093252101,"204,95",529,"100,00 %"
76561198093270673,"22,97",9,"100,00 %"
76561198093437165,"94,95",49,"100,00 %"
76561198093554508,"19,99",256,"100,00 %"
76561198093567765,"29,98",25,"100,00 %"
76561198093575256,"19,99",9,"100,00 %"
76561198093584099,"79,96",49,"100,00 %"
76561198093659817,"0,00",121,"100,00 %"
76561198093739334,"164,90",361,"100,00 %"
76561198093918831,,1,"100,00 %"
76561198093923987,"0,00",64,"100,00 %"
76561198093939281,"54,96",729,"100,00 %"
76561198094106185,"54,95",676,"100,00 %"
76561198094111845,"219,86",529,"100,00 %"
76561198094304449,"257,82",7938,"100,00 %"
76561198094411433,"0,00",64,"100,00 %"
76561198094417840,,1,"100,00 %"
76561198094438867,"14,99",9,"100,00 %"
76561198094457617,"0,00",4,"100,00 %"
76561198094667834,"54,96",225,"100,00 %"
76561198094673744,"0,00",841,"100,00 %"
76561198094860495,"59,96",121,"100,00 %"
76561198095119764,"280,78",2401,"100,00 %"
76561198095160053,"54,97",121,"100,00 %"
76561198095222559,"66,94",64,"100,00 %"
76561198095271002,"0,00",144,"100,00 %"
76561198095526354,"189,96",441,"100,00 %"
76561198095647149,"0,00",16,"100,00 %"
76561198095685006,"40,97",36,"100,00 %"
76561198095735150,"49,97",144,"100,00 %"
76561198095874772,"0,00",25,"100,00 %"
76561198095919114,"0,00",16,"100,00 %"
76561198095980012,"0,00",9,"100,00 %"
76561198096038814,"0,00",64,"100,00 %"
76561198096044900,"14,99",169,"100,00 %"
76561198096079340,"19,99",32,"100,00 %"
76561198096157048,"349,83",729,"100,00 %"
76561198096223608,"79,95",256,"100,00 %"
76561198096268241,,1,"100,00 %"
76561198096447440,"19,99",16,"100,00 %"
76561198096596971,"19,99",36,"100,00 %"
76561198096785215,"34,98",64,"100,00 %"
76561198096840499,"264,93",144,"100,00 %"
76561198097058385,"374,89",961,"100,00 %"
76561198097679918,"79,98",16,"100,00 %"
76561198097730733,"119,92",1089,"100,00 %"
76561198097747661,"179,90",1521,"100,00 %"
76561198097857735,"0,00",144,"100,00 %"
76561198097927244,"149,96",256,"100,00 %"
76561198097976037,"319,84",3025,"100,00 %"
76561198098151600,"0,00",1,"100,00 %"
76561198098180949,"59,95",64,"100,00 %"
76561198098270025,,1,"100,00 %"
76561198098284386,"19,99",169,"100,00 %"
76561198098315991,"29,98",484,"100,00 %"
76561198098351244,"14,99",196,"100,00 %"
76561198098420905,"19,98",625,"100,00 %"
76561198098469568,"4,99",81,"100,00 %"
76561198098502812,"24,98",4,"100,00 %"
76561198098852080,"114,91",576,"100,00 %"
76561198099095906,,1,"100,00 %"
76561198099648608,"284,77",676,"100,00 %"
76561198099667653,,1,"100,00 %"
76561198099819209,"19,99",16,"100,00 %"
76561198099994082,"0,00",4,"100,00 %"
76561198100038504,"49,98",36,"100,00 %"
76561198100093966,"74,97",144,"100,00 %"
76561198100183135,"49,97",64,"100,00 %"
76561198100337291,"0,00",16,"100,00 %"
76561198100425425,"59,96",225,"100,00 %"
76561198100513560,"119,98",49,"100,00 %"
76561198101120664,"14,99",9,"100,00 %"
76561198101297054,"99,93",16,"100,00 %"
76561198101303629,"14,99",9,"100,00 %"
76561198101467306,"384,86",576,"100,00 %"
76561198101520512,"35,97",196,"100,00 %"
76561198101561408,"0,00",169,"100,00 %"
76561198101694792,"84,95",729,"100,00 %"
76561198101779888,"0,00",16,"100,00 %"
76561198101854307,"574,69",1849,"100,00 %"
76561198101913613,"180,90",36,"100,00 %"
76561198101957454,"19,99",9,"100,00 %"
76561198102341743,,1,"100,00 %"
76561198102410011,"35,97",484,"100,00 %"
76561198102434744,"49,88",676,"100,00 %"
76561198102675608,"54,97",100,"100,00 %"
76561198103124541,"24,99",4,"100,00 %"
76561198103211891,"144,95",196,"100,00 %"
76561198103227480,"0,99",324,"100,00 %"
76561198103892586,"19,99",169,"100,00 %"
76561198104248286,"49,96",100,"100,00 %"
76561198104690534,"9,99",9,"100,00 %"
76561198105111413,"169,90",484,"100,00 %"
76561198105310142,"746,57",7569,"100,00 %"
76561198105569576,"19,99",9,"100,00 %"
76561198105634729,"254,85",2304,"100,00 %"
76561198105832212,"24,97",81,"100,00 %"
76561198106282354,"0,00",144,"100,00 %"
76561198106493462,"4,99",25,"100,00 %"
76561198106518490,,1,"100,00 %"
76561198106612756,"0,00",16,"100,00 %"
76561198106652718,"0,00",64,"100,00 %"
76561198106773321,"59,99",2116,"100,00 %"
76561198106773483,"9,99",1,"100,00 %"
76561198106774431,"136,94",81,"100,00 %"
76561198106876307,"54,97",16,"100,00 %"
76561198106964437,"9,99",36,"100,00 %"
76561198107009450,,4,"100,00 %"
76561198107034938,,1,"100,00 %"
76561198107092168,"9,99",25,"100,00 %"
76561198107222103,,1,"100,00 %"
76561198107235245,"74,95",169,"100,00 %"
76561198107369211,"0,00",9,"100,00 %"
76561198107406338,"127,92",1225,"100,00 %"
76561198107959954,,1,"100,00 %"
76561198108557897,"99,94",576,"100,00 %"
76561198110067989,"0,00",25,"100,00 %"
76561198110846518,"0,00",1444,"100,00 %"
76561198111679836,"124,92",529,"100,00 %"
76561198112604776,"0,00",64,"100,00 %"
76561198112634217,"784,47",3969,"100,00 %"
76561198115520810,"19,99",16,"100,00 %"
76561198115910259,,1,"100,00 %"
76561198116384470,"0,00",4,"100,00 %"
76561198117057917,"19,98",6400,"100,00 %"
76561198119070365,"169,92",100,"100,00 %"
76561198119335225,"284,74",11236,"100,00 %"
76561198119882936,"153,93",121,"100,00 %"
76561198120570508,"0,00",256,"100,00 %"
76561198121416938,"29,98",25,"100,00 %"
76561198121628241,"39,96",25,"100,00 %"
76561198122822618,"232,91",324,"100,00 %"
76561198123888398,"160,91",4,"100,00 %"
76561198125761464,"347,83",441,"100,00 %"
76561198125802800,"0,00",81,"100,00 %"
76561198129934361,"194,92",64,"100,00 %"
76561198131370221,"0,00",9,"100,00 %"
76561198132083512,"189,91",81,"100,00 %"
76561198132624943,"59,96",64,"100,00 %"
76561198133637161,"57,97",64,"100,00 %"
76561198133640133,"818,61",2209,"100,00 %"
76561198133788871,"19,98",2401,"100,00 %"
76561198134341792,"64,96",64,"100,00 %"
76561198134680751,"15,48",484,"100,00 %"
76561198134732704,"34,99",36,"100,00 %"
76561198135174028,"149,84",1369,"100,00 %"
76561198135631832,"14,99",9,"100,00 %"
76561198139928409,"0,00",25,"100,00 %"
76561198140978116,"0,00",9,"100,00 %"
76561198141694307,"14,99",1,"100,00 %"
76561198141889949,"14,99",1,"100,00 %"
76561198142004550,"74,98",64,"100,00 %"
76561198142457231,"104,95",64,"100,00 %"
76561198142902055,"0,00",256,"100,00 %"
76561198147106771,"114,91",289,"100,00 %"
76561198147318547,"74,96",36,"100,00 %"
76561198148674853,"495,72",2704,"100,00 %"
76561198149544451,"44,96",144,"100,00 %"
76561198152426638,"34,98",144,"100,00 %"
76561198155174469,"44,97",64,"100,00 %"
76561198156066297,"163,88",484,"100,00 %"
76561198158163159,"42,97",121,"100,00 %"
76561198158629846,"41,97",121,"100,00 %"
76561198160501969,"109,93",400,"100,00 %"
76561198161415002,"84,94",144,"100,00 %"
76561198162065948,"0,00",4,"100,00 %"
76561198163760109,"274,92",484,"100,00 %"
76561198164545985,"14,99",16,"100,00 %"
76561198166061333,"15,98",289,"100,00 %"
76561198166194627,"29,98",16,"100,00 %"
76561198174605218,"19,98",9,"100,00 %"
76561198177168627,"14,99",49,"100,00 %"
76561198181103730,"14,99",529,"100,00 %"
76561198182057073,"9,99",196,"100,00 %"
76561198184605614,"49,97",81,"100,00 %"
76561198185106509,"133,88",256,"100,00 %"
76561198189527421,"0,00",25,"100,00 %"
76561198190651641,"104,93",100,"100,00 %"
76561198193666401,"129,95",100,"100,00 %"
76561198202544453,"74,98",36,"100,00 %"
76561198213178349,"14,99",36,"100,00 %"
76561198219780653,"60,96",1849,"100,00 %"
76561198232198516,"64,95",841,"100,00 %"
76561198239215706,"14,99",64,"100,00 %"
76561198270958927,"154,92",256,"100,00 %"
76561198271002791,"19,98",9,"100,00 %"
76561198275817706,"127,95",25,"100,00 %"
76561198278508095,"371,18",2304,"100,00 %"
76561198283109848,"95,92",576,"100,00 %"
76561198284225973,"234,92",1024,"100,00 %"
76561198289386531,"126,91",225,"100,00 %"
76561198295178871,"69,96",25,"100,00 %"
76561198295350017,"375,69",1681,"100,00 %"
76561198296402247,"27,98",121,"100,00 %"
76561198298361542,"14,99",16,"100,00 %"
76561198306855779,"94,93",441,"100,00 %"
76561198310819422,"36,92",144,"100,00 %"
76561198320203075,"14,99",1,"100,00 %"
776921,"0,00",81,"100,00 %"
79694738686698975975,"34,96",361,"100,00 %"
7eyebnbi3,"347,80",441,"100,00 %"
81334062,"0,00",36,"100,00 %"
8449,"160,91",400,"100,00 %"
aafaqvirk,"235,89",324,"100,00 %"
abcdefghijklmnopqrstuvwxyzyes,"74,98",576,"100,00 %"
aciliS,"60,94",144,"100,00 %"
acousticpants,"402,68",1681,"100,00 %"
AdrianC88,"144,95",196,"100,00 %"
ADSC99,"0,00",36,"100,00 %"
AilensAreNeverAmongUs,"14,99",25,"100,00 %"
alansiulun,"482,72",2209,"100,00 %"
allan94,"54,97",36,"100,00 %"
Allenwoohoo,"0,00",25,"100,00 %"
alpacabackpacker,"165,85",484,"100,00 %"
alphahostage,"14,99",1,"100,00 %"
alvincjj,"47,97",64,"100,00 %"
amabsoluzt,,1,"100,00 %"
andrewanel,"74,98",25,"100,00 %"
andrewmin2,"230,81",1156,"100,00 %"
andreyh,"14,99",169,"100,00 %"
andyalphate,"34,97",100,"100,00 %"
Angelf3s,"29,98",324,"100,00 %"
Aniemesocute,"19,99",121,"100,00 %"
AnToHero,"380,78",1089,"100,00 %"
Apedophileatyohouse,"139,92",625,"100,00 %"
ApxLGhost,"114,97",64,"100,00 %"
archiegaming,"94,94",484,"100,00 %"
Archnox,"24,98",16,"100,00 %"
argcross,"370,84",400,"100,00 %"
arkray,"170,90",289,"100,00 %"
Assult_Satan,"14,99",256,"100,00 %"
Augustinito,"79,95",400,"100,00 %"
aumicc,"14,99",36,"100,00 %"
autisticoranges,"87,94",512,"100,00 %"
AwesomeElmo,"42,95",2304,"100,00 %"
BAMOSABENSER,"308,76",841,"100,00 %"
Beiber,"60,95",196,"100,00 %"
benedictcuminherbatch,"42,97",25,"100,00 %"
bentan312,"1101,32",6400,"100,00 %"
BestCellist,"9,99",169,"100,00 %"
bherick,"84,94",225,"100,00 %"
bibizerabalatensa,"247,87",729,"100,00 %"
BigBangGameerss,"90,84",529,"100,00 %"
birodocorta,"204,93",676,"100,00 %"
Bisonate,"390,75",1764,"100,00 %"
blazypol,"196,80",784,"100,00 %"
blazythemayordevil,"19,99",64,"100,00 %"
bloodshade2559,"314,81",1369,"100,00 %"
blTaaaa,"240,27",1936,"100,00 %"
bojovnici,"44,98",676,"100,00 %"
BowdeyThomas,"254,93",81,"100,00 %"
bowen888vg,"115,91",400,"100,00 %"
BreckiRedi,,1,"100,00 %"
brockless,"189,90",841,"100,00 %"
bumpy213,"54,97",225,"100,00 %"
buzyx,"79,94",256,"100,00 %"
calello88,"314,86",324,"100,00 %"
camicase,"34,98",16,"100,00 %"
captainjaydo,"79,94",196,"100,00 %"
CAPTAINVRITRAS,"34,98",64,"100,00 %"
cashout_skins_csgo_cameron,"113,84",324,"100,00 %"
celebrexISGO,"76,92",121,"100,00 %"
Cerater,"201,89",2304,"100,00 %"
cerealkillingmachine,"149,96",289,"100,00 %"
chacau,"34,97",256,"100,00 %"
chalee_jorn,"0,00",121,"100,00 %"
chamith,"103,90",256,"100,00 %"
chelsea160402,"0,00",9,"100,00 %"
Cheubajjang,"33,96",25,"100,00 %"
chillbra1,"14,99",25,"100,00 %"
chinnaye,"232,81",676,"100,00 %"
chopochop,"0,00",36,"100,00 %"
ChrisCoroner,"59,97",64,"100,00 %"
Chubiful,"169,27",3249,"100,00 %"
chuckles382,"9,98",25,"100,00 %"
chuecola,"54,97",64,"100,00 %"
cindyanne,"14,99",36,"100,00 %"
claytonlee,"109,95",576,"100,00 %"
clixer98,"76,98",225,"100,00 %"
cocokaru,"35,96",1600,"100,00 %"
constanceee,"39,97",36,"100,00 %"
cookysguest,"19,99",49,"100,00 %"
coronelcross,"59,99",25,"100,00 %"
cosmicguy22,"107,84",1764,"100,00 %"
Da_Roo,"119,93",256,"100,00 %"
daisyw,"144,91",529,"100,00 %"
DaP3rs0nGuy12,"14,98",4,"100,00 %"
darakrys,"19,98",625,"100,00 %"
darb22,"139,95",144,"100,00 %"
darkacerebel,"55,95",529,"100,00 %"
DarylxD,"0,00",225,"100,00 %"
daytripper2010,"332,84",1225,"100,00 %"
deathplayes,"44,97",49,"100,00 %"
Deaththunderwolfx,"49,96",196,"100,00 %"
dedlydwagon,"191,88",225,"100,00 %"
dijipogi,"19,99",529,"100,00 %"
dilminhapocoto,"14,99",36,"100,00 %"
DivineWaterCrackers,"27,98",81,"100,00 %"
dk_ith,"431,76",1296,"100,00 %"
Doomsdayvirus1,"535,76",1521,"100,00 %"
doongidog,"44,97",144,"100,00 %"
DownSyndromeWombat,"169,95",625,"100,00 %"
DozeBalls,"29,98",9,"100,00 %"
dracoblazex,"709,86",8281,"100,00 %"
drilljose,"64,94",1089,"100,00 %"
drsuperezla,"45,97",289,"100,00 %"
druittmatee,"511,73",2401,"100,00 %"
DuckM80,"36,97",9,"100,00 %"
durry_rd,"579,56",3025,"100,00 %"
ec7yp4,"14,99",121,"100,00 %"
elblankazo,"65,93",225,"100,00 %"
Eleusa,"149,89",784,"100,00 %"
Elfaruqi,"74,97",196,"100,00 %"
elnicoWTF,"19,99",144,"100,00 %"
Endless_Funn,"24,98",81,"100,00 %"
endlesszz,"109,94",625,"100,00 %"
EntryFraggerLmao,"72,91",1024,"100,00 %"
eterna_amn,"1187,14",11449,"100,00 %"
euzi,"279,90",361,"100,00 %"
EviltonBOT,"52,94",529,"100,00 %"
eyyrabb1t,"114,96",64,"100,00 %"
F2RV9,"29,98",49,"100,00 %"
F4ND4NGL3DXD,"124,89",484,"100,00 %"
Facundo424,"165,90",1024,"100,00 %"
fadas56,"29,98",9,"100,00 %"
fael7,"79,95",169,"100,00 %"
fagetxd,"381,74",1225,"100,00 %"
fagulol,"14,99",100,"100,00 %"
FalconsProfile,"94,97",64,"100,00 %"
fazz,"179,83",441,"100,00 %"
feelgoodincc,"0,00",16,"100,00 %"
feeling31634,"274,92",256,"100,00 %"
felipespy,"30,96",289,"100,00 %"
felixguard12,"0,00",4,"100,00 %"
Feytico,"24,98",361,"100,00 %"
Fishda,"36,97",784,"100,00 %"
fishfishfishfish,"9,99",36,"100,00 %"
fiveTF2,"0,00",1,"100,00 %"
framesm8,"109,94",81,"100,00 %"
Freakazoidz,"24,98",196,"100,00 %"
freeteamfortress2itemsgiveaway,"5,98",4,"100,00 %"
FrodsTW,"377,69",4225,"100,00 %"
from808,"49,96",144,"100,00 %"
GamingAce,"3,99",256,"100,00 %"
generalbutface,"124,92",256,"100,00 %"
GetR3ktSkrub,"86,90",400,"100,00 %"
Ghoustik,"28,97",16,"100,00 %"
Globe44HD,"164,91",289,"100,00 %"
GodLoveGuru,"14,99",9,"100,00 %"
gongpha,"3,99",49,"100,00 %"
goodladftw,"89,92",676,"100,00 %"
GornTH,"148,88",361,"100,00 %"
gramedota,"94,94",400,"100,00 %"
gramps10289098,"82,94",289,"100,00 %"
greenkoala,"153,90",841,"100,00 %"
gru69,"365,76",676,"100,00 %"
gummyfrog,"498,74",2304,"100,00 %"
GussyPlays,"229,94",169,"100,00 %"
Hahnee,"194,80",2116,"100,00 %"
Hahneex,"104,95",400,"100,00 %"
hakimaro,"348,85",729,"100,00 %"
hakimijabba,"19,99",169,"100,00 %"
Hansstudio,"119,96",49,"100,00 %"
harambeoohhhhhharambe,"84,95",81,"100,00 %"
harambetheking,"39,96",576,"100,00 %"
hashtagkanatube,"19,98",144,"100,00 %"
hayda123,"125,90",361,"100,00 %"
HeadShootPlay,"230,86",196,"100,00 %"
HecticPCGamer,"9,99",49,"100,00 %"
hellfireholle,"637,54",3600,"100,00 %"
hitler-doom-trenchcoats,"146,87",225,"100,00 %"
HolySlay,"14,99",121,"100,00 %"
Hp4SmXCGYuc,"0,00",16,"100,00 %"
huangsy,"45,97",225,"100,00 %"
HueziiE,"149,93",784,"100,00 %"
HughMyFriend,"14,99",225,"100,00 %"
huntervxx,"34,98",169,"100,00 %"
Hydreigon_44,"24,98",25,"100,00 %"
Hyghrize,"34,98",36,"100,00 %"
hzqBICEPS,"34,98",64,"100,00 %"
icedragonlord88,"456,68",4096,"100,00 %"
imreadytogameup,"0,00",64,"100,00 %"
InfyIsCool,"379,77",1296,"100,00 %"
invokerus,"235,77",2025,"100,00 %"
iPlayJson,"94,94",81,"100,00 %"
ipoyyy,"232,85",100,"100,00 %"
itoggledheavydontrptmeplx,"35,96",900,"100,00 %"
ITS_COHN_JENA,"205,94",676,"100,00 %"
ivanyao88,"44,97",81,"100,00 %"
j3nxxx,"144,96",144,"100,00 %"
Jaberley,"49,96",196,"100,00 %"
Jabooni,"64,94",900,"100,00 %"
jacoloco,"0,00",441,"100,00 %"
jakefarnsdirttrack,"19,99",25,"100,00 %"
javuri61,"242,83",1024,"100,00 %"
Jayden028,"14,99",9,"100,00 %"
Jem93,"318,83",529,"100,00 %"
Jess111,"454,72",2500,"100,00 %"
Jessica_Steamrep_,"0,00",9,"100,00 %"
Jockeylicious,"454,69",2916,"100,00 %"
joshj23,"246,85",1156,"100,00 %"
joshuacowan23,"97,95",529,"100,00 %"
juelino,"109,96",324,"100,00 %"
juninhominecraft,"39,98",144,"100,00 %"
Junkieee,"94,89",529,"100,00 %"
justinshek,"24,99",25,"100,00 %"
JustMielThings,"59,96",16,"100,00 %"
Kahuzi,"59,96",289,"100,00 %"
kakabezerra,,4,"100,00 %"
karateslap,"228,87",676,"100,00 %"
kawaiigrillcutielover,"24,98",324,"100,00 %"
Khaderdray,"220,87",529,"100,00 %"
khushaalsingh,"156,89",1444,"100,00 %"
kimbunny07,"48,96",1444,"100,00 %"
kmkm2op,"59,95",100,"100,00 %"
koiwa-pranis,"219,83",625,"100,00 %"
koontankk123456789,"19,99",25,"100,00 %"
kozleewat,"89,91",841,"100,00 %"
krizaya,"34,97",289,"100,00 %"
kronos1423,,4,"100,00 %"
ktsuy,,1,"100,00 %"
LAGAAK,"14,99",64,"100,00 %"
lambor-sb,"545,65",2401,"100,00 %"
Lancelotxoxo,"174,92",625,"100,00 %"
lawcross013,"591,62",3025,"100,00 %"
laydback,"9,99",9,"100,00 %"
lellol,"0,00",169,"100,00 %"
lennysan,"194,93",729,"100,00 %"
Lenzarious,"89,94",256,"100,00 %"
llDracuwulf,"29,94",196,"100,00 %"
Llucsankiss,"0,00",225,"100,00 %"
loki_true,"0,00",100,"100,00 %"
lomardriver,"326,82",1521,"100,00 %"
lord_andromeda,"148,95",100,"100,00 %"
lordtumnas,"663,61",3721,"100,00 %"
lucasfinamorbr,"0,00",1,"100,00 %"
luiz_andrade,"175,90",625,"100,00 %"
LuxAndZed,"305,89",225,"100,00 %"
Lynyx,"14,99",4,"100,00 %"
LypheLife,"92,92",441,"100,00 %"
M4nk0k3,"14,99",1444,"100,00 %"
mabuhay,"430,76",1225,"100,00 %"
magicoluan,"14,99",9,"100,00 %"
Makenziethecat,"196,32",1936,"100,00 %"
malakoiemhebraicodevasso,"104,93",144,"100,00 %"
manuelitotd,"47,97",49,"100,00 %"
maresco2,"54,96",121,"100,00 %"
MARINEMCQUEEN,"34,98",49,"100,00 %"
maskthiefsenpai,"49,97",2601,"100,00 %"
mataway,"0,00",16,"100,00 %"
matrix1234,,9,"100,00 %"
megatrom2000,"64,96",225,"100,00 %"
melvfunction,"14,99",16,"100,00 %"
MessWithNoOne,"34,98",625,"100,00 %"
MG_Fuzion,"54,98",36,"100,00 %"
milkxama,"292,84",1296,"100,00 %"
miraco12,"14,99",25,"100,00 %"
miscgaming,"14,99",49,"100,00 %"
mith_ele,"534,84",1225,"100,00 %"
MLP_22,"0,00",9,"100,00 %"
Mokalatteventi123,"14,98",361,"100,00 %"
Mossy_Gaming,"186,88",441,"100,00 %"
moustachecashstash,"275,73",1764,"100,00 %"
mrkienose,"0,00",25,"100,00 %"
mrnugget145,"243,80",1444,"100,00 %"
MrSpecialPerson,"0,00",16,"100,00 %"
mrwafflessauce,"84,93",256,"100,00 %"
mvplin11,"54,97",49,"100,00 %"
MyLoins,"79,95",576,"100,00 %"
mypros,"14,99",9,"100,00 %"
NakeeySon,"100,95",100,"100,00 %"
Nasty_is_cool,"466,72",1296,"100,00 %"
Natty22,"55,95",144,"100,00 %"
naturesninja,"160,91",169,"100,00 %"
nerovonroun,"683,36",7744,"100,00 %"
NeverfailGaming,"67,95",169,"100,00 %"
nexus1628,"69,95",256,"100,00 %"
NEYMRJR,"14,99",9,"100,00 %"
nickyyc,"99,93",256,"100,00 %"
nickyz,"687,62",2401,"100,00 %"
nimatha,"322,82",1089,"100,00 %"
nimoxnazgul,"19,99",16,"100,00 %"
nomoredupes,"17,98",361,"100,00 %"
Nowada,"59,93",361,"100,00 %"
nuclearaven,"34,97",16,"100,00 %"
Nuewman,"149,88",289,"100,00 %"
nylfheim,"49,98",225,"100,00 %"
nz_killahz,"49,98",16,"100,00 %"
obviouslyhjy69,"70,91",289,"100,00 %"
OfficialLandyy,"34,98",256,"100,00 %"
OmegaMagician,"194,91",676,"100,00 %"
omegaunlocked,"148,91",225,"100,00 %"
on99xd,"0,00",25,"100,00 %"
ONyMi,"187,88",484,"100,00 %"
Overnold,,1,"100,00 %"
P1RATS3,"107,92",441,"100,00 %"
Panx2,"74,96",361,"100,00 %"
PapasFritasSaladas,"234,82",529,"100,00 %"
patrick_mota1,"99,94",729,"100,00 %"
paulbauerpunicher,"199,89",2025,"100,00 %"
PenguinSRPrince,,1,"100,00 %"
PerishNRot,"179,92",576,"100,00 %"
phdeus,"81,92",400,"100,00 %"
pikabare,"554,11",2809,"100,00 %"
pikarchoo,"24,98",9,"100,00 %"
Piss-Cakehole,"29,98",196,"100,00 %"
Pizzanile,"0,00",1,"100,00 %"
playergdgsd,"59,91",196,"100,00 %"
police12,"139,92",144,"100,00 %"
pono55,"19,98",361,"100,00 %"
PR_JT,"159,89",196,"100,00 %"
prettygoodjpg,"155,89",529,"100,00 %"
princesshussy,"14,99",16,"100,00 %"
probablydead,"282,28",1521,"100,00 %"
proevoex,"0,00",4,"100,00 %"
ProfessorHashtag,"0,00",4,"100,00 %"
profit_m8,"96,94",225,"100,00 %"
psydrone,"184,90",441,"100,00 %"
pumbarrento,"62,41",196,"100,00 %"
PurpleSisterCPU,"0,00",4,"100,00 %"
pussy_fucker,"74,93",576,"100,00 %"
qwertycx_,"294,82",841,"100,00 %"
radicalrainjunior,"133,93",169,"100,00 %"
Raider8799,"291,86",484,"100,00 %"
rajaakmalol,"0,00",100,"100,00 %"
rakals01,"706,54",3136,"100,00 %"
raphaeleishot,"16,98",256,"100,00 %"
raviyn,"552,69",1936,"100,00 %"
rebarb,"74,96",225,"100,00 %"
Red227,"384,82",1600,"100,00 %"
redstonedragon89,"358,80",784,"100,00 %"
Refrayhack,"14,99",16,"100,00 %"
RestingPeices,"204,82",529,"100,00 %"
Rezzpit,"0,00",121,"100,00 %"
rharryr,"9,99",121,"100,00 %"
Riichard_cv,"99,95",121,"100,00 %"
riokaze,"57,96",144,"100,00 %"
roley200,"145,90",144,"100,00 %"
rtsth,"201,89",484,"100,00 %"
RyderOriginal,"64,96",169,"100,00 %"
SadHon127Steam,"9,99",2304,"100,00 %"
SadronsProtractedFrisson,,1,"100,00 %"
salthesquirrel,"24,97",16,"100,00 %"
Salttyy,"90,89",1024,"100,00 %"
samiamyel,"195,89",484,"100,00 %"
samkad,"0,00",16,"100,00 %"
sarganis,"89,98",2304,"100,00 %"
saSZapauer,"14,99",4,"100,00 %"
savageh,"217,84",900,"100,00 %"
sbeghen,"14,99",4,"100,00 %"
sebastiam,"0,00",25,"100,00 %"
sellgamerr,"27,98",1156,"100,00 %"
senhp,"68,94",441,"100,00 %"
sgtion,"74,98",256,"100,00 %"
ShahryarFaraji,"39,99",81,"100,00 %"
shaneomaniac,"832,48",3481,"100,00 %"
shannandoughtycsgo,"194,95",121,"100,00 %"
Shifty_Powers,"261,82",961,"100,00 %"
ShirukeiPoH,"63,95",2025,"100,00 %"
shivermysprinkler,"65,43",225,"100,00 %"
SimonCheahYeeFei,"19,99",25,"100,00 %"
SingerTechnology,"69,96",64,"100,00 %"
skuatz,"34,98",100,"100,00 %"
slender_apexPanda,"14,99",4,"100,00 %"
SlothTime,"9,99",25,"100,00 %"
SMDA,"14,99",9,"100,00 %"
snarkcornwtt,"34,98",100,"100,00 %"
sniperkuanyuan,"19,98",169,"100,00 %"
SOAM,"14,99",4,"100,00 %"
SomeRandomNewAccount,"14,99",64,"100,00 %"
Sorefinger,"121,92",196,"100,00 %"
SSKyrios,"356,29",900,"100,00 %"
stefchygamer,"114,93",100,"100,00 %"
SthugGames,"213,82",841,"100,00 %"
stocky55,"134,90",400,"100,00 %"
storagenez,"139,80",2500,"100,00 %"
stormxlol,"0,00",49,"100,00 %"
SWAPQKL,"9,99",361,"100,00 %"
SylvesterAction,"17,97",225,"100,00 %"
tanryanrachmat,"24,98",144,"100,00 %"
Tayloki,"354,88",784,"100,00 %"
tctrueperfection,"24,98",25,"100,00 %"
tdgodly,"260,90",196,"100,00 %"
TEAMLAZER,"239,86",1521,"100,00 %"
TF2LOVEER,"0,00",16,"100,00 %"
Thatssirlemontoyou,"392,76",961,"100,00 %"
The_Dragon_Spartan,"164,94",225,"100,00 %"
the_simulacra,"169,95",36,"100,00 %"
TheBabadookDook,"263,79",1024,"100,00 %"
Thegamer8342,"104,91",289,"100,00 %"
theironhex,"519,59",4356,"100,00 %"
TheMarshmallowMan101,"292,79",400,"100,00 %"
TheRainOnAGrave,"302,78",1936,"100,00 %"
thisismyprofilenopeaking,"74,93",121,"100,00 %"
thurawin,,1,"100,00 %"
tihorvorate,"95,94",100,"100,00 %"
ToadHog,"423,75",1089,"100,00 %"
toddynhonosangue,"214,92",729,"100,00 %"
toinhoto,"104,93",196,"100,00 %"
ToothlessnRuthless,"54,97",49,"100,00 %"
totalclutch,"220,88",729,"100,00 %"
toukly,,1,"100,00 %"
trane43215,"209,94",2704,"100,00 %"
trooperlord,"124,92",225,"100,00 %"
trowaaa,"417,79",1225,"100,00 %"
tzening,"69,97",49,"100,00 %"
UauDelicia,"39,98",64,"100,00 %"
UndrSandAble,"175,87",1600,"100,00 %"
vacbanonrecord24,"294,83",625,"100,00 %"
vardyparty,"70,93",196,"100,00 %"
vesgozina,"79,96",100,"100,00 %"
victorphan2002,"44,97",225,"100,00 %"
viggie12,"83,92",529,"100,00 %"
vipersun,"109,89",2209,"100,00 %"
Vitaou,"207,78",3481,"100,00 %"
vrspanky,"580,71",2704,"100,00 %"
vyro_,"318,72",1089,"100,00 %"
wade11,"728,00",3721,"100,00 %"
wcasagrande,"284,87",400,"100,00 %"
weebslayer,"532,09",12100,"100,00 %"
whenthegeeseattacks,"279,89",784,"100,00 %"
willymon,"16,98",25,"100,00 %"
WillZENex,"244,92",144,"100,00 %"
winterscout,"54,96",81,"100,00 %"
wrenchbloke,"164,95",25,"100,00 %"
Wusker,"100,92",625,"100,00 %"
xdeadlymoonx,"64,96",81,"100,00 %"
xearl123,"0,99",81,"100,00 %"
xFreibergx,"104,94",196,"100,00 %"
xkelsable,"105,90",144,"100,00 %"
XXXLAWXXX,"21,97",3136,"100,00 %"
XXXmemesnshitXXX,"318,89",484,"100,00 %"
yallajadleal,"609,66",2601,"100,00 %"
Youeasybra,"19,99",81,"100,00 %"
yousnownothingknowjohn,"94,94",169,"100,00 %"
zaph1803,"160,91",121,"100,00 %"
ZaubieHunter23,"74,98",121,"100,00 %"
zaza147,"0,00",25,"100,00 %"
Zeimcrazygamer,"34,98",81,"100,00 %"
ZelvoOffical,"54,96",1156,"100,00 %"
zmagma,"17,98",576,"100,00 %"
zy0705,"0,00",36,"100,00 %"
